{"iter": 5000, "train/loss": 0.9004230499267578, "val/loss": 2.430569648742676, "lr": 0.0001, "mfu": 6.459385801315112, "_timestamp": 1707943902.0263073, "_runtime": 482.8480682373047, "_step": 20, "_wandb": {"runtime": 482}}