{"iter": 1250, "train/loss": 1.2008771896362305, "val/loss": 1.4873868227005005, "lr": 0.000883125098683892, "mfu": 6.640986969767856, "_timestamp": 1707937997.6185746, "_runtime": 172.25662660598755, "_step": 5, "_wandb": {"runtime": 177}}