{"iter": 0, "train/loss": 12.658342361450195, "val/loss": 12.660380363464355, "lr": 0.0, "mfu": -100.0, "_timestamp": 1707968041.4291637, "_runtime": 145.5563097000122, "_step": 0, "_wandb": {"runtime": 255}}