{"iter": 5000, "train/loss": 0.8947880864143372, "val/loss": 2.4491984844207764, "lr": 0.0001, "mfu": 5.830356379631804, "_timestamp": 1707938861.2695909, "_runtime": 544.2664217948914, "_step": 20, "_wandb": {"runtime": 544}}