{"iter": 0, "train/loss": 12.658342361450195, "val/loss": 12.660380363464355, "lr": 0.0, "mfu": -100.0, "_timestamp": 1707967705.201291, "_runtime": 153.70145916938782, "_step": 0, "_wandb": {"runtime": 277}}