{"iter": 0, "train/loss": 12.65099048614502, "val/loss": 12.648641586303711, "lr": 0.0, "mfu": -100.0, "_timestamp": 1708066477.7405834, "_runtime": 115.28962850570679, "_step": 0, "_wandb": {"runtime": 199}}