{"iter": 750, "train/loss": 1.9579732418060303, "val/loss": 2.2871406078338623, "lr": 0.0009614856803571157, "mfu": 6.659771226810694, "_timestamp": 1707938271.4191663, "_runtime": 134.41712141036987, "_step": 3, "_wandb": {"runtime": 147}}