{"iter": 5000, "train/loss": 1.5168935060501099, "val/loss": 1.5616542100906372, "lr": 0.0001, "mfu": 7.535278214313662, "_timestamp": 1707963012.1061003, "_runtime": 2566.8406744003296, "_step": 20, "_wandb": {"runtime": 2566}}