{"iter": 0, "train/loss": 12.563310623168945, "val/loss": 12.56911849975586, "lr": 0.0, "mfu": -100.0, "_timestamp": 1707964893.011211, "_runtime": 214.11252093315125, "_step": 0, "_wandb": {"runtime": 331}}