{"iter": 0, "train/loss": 12.658342361450195, "val/loss": 12.660380363464355, "lr": 0.0, "mfu": -100.0, "_timestamp": 1707967339.3792117, "_runtime": 148.45165967941284, "_step": 0, "_wandb": {"runtime": 259}}