{"iter": 0, "train/loss": 12.65099048614502, "val/loss": 12.648641586303711, "lr": 0.0, "mfu": -100.0, "_timestamp": 1708012229.1641276, "_runtime": 113.10823655128479, "_step": 0, "_wandb": {"runtime": 201}}