{"iter": 0, "train/loss": 12.65099048614502, "val/loss": 12.648641586303711, "lr": 0.0, "mfu": -100.0, "_timestamp": 1708039426.340916, "_runtime": 115.47682189941406, "_step": 0, "_wandb": {"runtime": 199}}