{"iter": 0, "train/loss": 12.658342361450195, "val/loss": 12.660380363464355, "lr": 0.0, "mfu": -100.0, "_timestamp": 1707972829.5232043, "_runtime": 139.19019722938538, "_step": 0, "_wandb": {"runtime": 248}}