{"iter": 5000, "train/loss": 1.6364611387252808, "val/loss": 1.6642953157424927, "lr": 0.0001, "mfu": 6.7278726293910225, "_timestamp": 1707963707.3532052, "_runtime": 576.1720871925354, "_step": 20, "_wandb": {"runtime": 576}}