{"iter": 5000, "train/loss": 0.11914050579071045, "val/loss": 4.92210054397583, "lr": 0.0001, "mfu": 7.371388182579067, "_timestamp": 1707943048.3833938, "_runtime": 2555.96470785141, "_step": 20, "_wandb": {"runtime": 2556}}