{"iter": 0, "train/loss": 12.658342361450195, "val/loss": 12.660380363464355, "lr": 0.0, "mfu": -100.0, "_timestamp": 1707965696.3962083, "_runtime": 139.73405528068542, "_step": 0, "_wandb": {"runtime": 248}}