{"iter": 0, "train/loss": 12.65099048614502, "val/loss": 12.648641586303711, "lr": 0.0, "mfu": -100.0, "_timestamp": 1708022367.7975557, "_runtime": 115.88806056976318, "_step": 0, "_wandb": {"runtime": 201}}